{
    "centers": [
        {
            "id": "nadra-islamabad-blue-area",
            "name": "NADRA Mega Centre Blue Area",
            "serviceCategory": "nadra",
            "city": "Islamabad",
            "address": "109 Jinnah Ave, Block I G 7/2 Blue Area, Islamabad",
            "phone": "051-111-786-100",
            "hours": "24/7",
            "coordinates": {
                "lat": 33.7073,
                "lng": 73.0564
            }
        },
        {
            "id": "nadra-islamabad-g10",
            "name": "NADRA Regional Office G-10",
            "serviceCategory": "nadra",
            "city": "Islamabad",
            "address": "Mauve Area, Plot #30, Sector G-10/4, Islamabad",
            "phone": "051-111-786-100",
            "hours": "9:00 AM - 5:00 PM",
            "coordinates": {
                "lat": 33.6912,
                "lng": 73.0319
            }
        },
        {
            "id": "nadra-karachi-north-nazimabad",
            "name": "NADRA Mega Centre North Nazimabad",
            "serviceCategory": "nadra",
            "city": "Karachi",
            "address": "Plot No D15/1, Euro Twin Tower, Block L, North Nazimabad Town, Karachi",
            "phone": "021-111-786-100",
            "hours": "24/7",
            "coordinates": {
                "lat": 24.9262,
                "lng": 67.0351
            }
        },
        {
            "id": "nadra-karachi-dha",
            "name": "NADRA Mega Centre DHA",
            "serviceCategory": "nadra",
            "city": "Karachi",
            "address": "Service Road, 18th East Street, Phase 1, DHA, Karachi",
            "phone": "021-111-786-100",
            "hours": "9:00 AM - 5:00 PM",
            "coordinates": {
                "lat": 24.8248,
                "lng": 67.0657
            }
        },
        {
            "id": "nadra-lahore-johar-town",
            "name": "NADRA Regional Office Johar Town",
            "serviceCategory": "nadra",
            "city": "Lahore",
            "address": "73, Trade Centre, Johar Town, Lahore",
            "phone": "042-111-786-100",
            "hours": "9:00 AM - 5:00 PM",
            "coordinates": {
                "lat": 31.4697,
                "lng": 74.2728
            }
        },
        {
            "id": "nadra-lahore-dha",
            "name": "NADRA Executive Office DHA",
            "serviceCategory": "nadra",
            "city": "Lahore",
            "address": "124-G, DHA Phase 1, Lahore",
            "phone": "042-111-786-100",
            "hours": "9:00 AM - 5:00 PM",
            "coordinates": {
                "lat": 31.4772,
                "lng": 74.4046
            }
        },
        {
            "id": "passport-islamabad-g10",
            "name": "Regional Passport Office G-10",
            "serviceCategory": "passport",
            "city": "Islamabad",
            "address": "13-C, Al-Hussain Plaza, G-10 Markaz, Islamabad",
            "phone": "051-111-344-777",
            "hours": "24/7",
            "coordinates": {
                "lat": 33.6912,
                "lng": 73.0319
            }
        },
        {
            "id": "passport-islamabad-blue-area",
            "name": "Executive Passport Office Blue Area",
            "serviceCategory": "passport",
            "city": "Islamabad",
            "address": "Plot 19-A, Ground Floor, Pak Plaza, Fazal-e-Haq Road, Blue Area",
            "phone": "051-111-344-777",
            "hours": "9:00 AM - 2:00 PM",
            "coordinates": {
                "lat": 33.7073,
                "lng": 73.0564
            }
        },
        {
            "id": "passport-karachi-saddar",
            "name": "Regional Passport Office Saddar",
            "serviceCategory": "passport",
            "city": "Karachi",
            "address": "Shahrah-e-Iraq, Saddar, Karachi",
            "phone": "021-111-344-777",
            "hours": "9:00 AM - 2:00 PM",
            "coordinates": {
                "lat": 24.8543,
                "lng": 67.0232
            }
        },
        {
            "id": "passport-karachi-awami-markaz",
            "name": "Regional Passport Office Awami Markaz",
            "serviceCategory": "passport",
            "city": "Karachi",
            "address": "1st Floor, EOBI House, Shahrah-e-Faisal, Karachi",
            "phone": "021-111-344-777",
            "hours": "24/7",
            "coordinates": {
                "lat": 24.8796,
                "lng": 67.0714
            }
        },
        {
            "id": "passport-lahore-garden-town",
            "name": "Regional Passport Office Garden Town",
            "serviceCategory": "passport",
            "city": "Lahore",
            "address": "4-A, Sher Shah Block, Behind Barkat Market, New Garden Town, Lahore",
            "phone": "042-111-344-777",
            "hours": "24/7",
            "coordinates": {
                "lat": 31.5017,
                "lng": 74.3260
            }
        },
        {
            "id": "passport-lahore-dha",
            "name": "Executive Passport Office DHA",
            "serviceCategory": "passport",
            "city": "Lahore",
            "address": "27-XX Phase 3, Khayaban-e-Iqbal Road, DHA, Lahore",
            "phone": "042-111-344-777",
            "hours": "9:00 AM - 2:00 PM",
            "coordinates": {
                "lat": 31.4772,
                "lng": 74.4046
            }
        },
        {
            "id": "hbl-islamabad-blue-area",
            "name": "HBL Corporate Branch Blue Area",
            "serviceCategory": "banks",
            "city": "Islamabad",
            "address": "G/Mezzanine Floor, H.B. Tower, Jinnah Avenue, Blue Area, Islamabad",
            "phone": "051-111-111-425",
            "hours": "9:00 AM - 5:00 PM",
            "coordinates": {
                "lat": 33.7073,
                "lng": 73.0564
            }
        },
        {
            "id": "hbl-islamabad-f10",
            "name": "HBL F-10 Markaz",
            "serviceCategory": "banks",
            "city": "Islamabad",
            "address": "F-10 Markaz, Islamabad",
            "phone": "051-111-111-425",
            "hours": "9:00 AM - 5:00 PM",
            "coordinates": {
                "lat": 33.6981,
                "lng": 73.0197
            }
        },
        {
            "id": "hbl-karachi-ii-chundrigar",
            "name": "HBL Plaza I.I. Chundrigar Road",
            "serviceCategory": "banks",
            "city": "Karachi",
            "address": "I.I. Chundrigar Road, Karachi",
            "phone": "021-111-111-425",
            "hours": "9:00 AM - 5:00 PM",
            "coordinates": {
                "lat": 24.8474,
                "lng": 67.0196
            }
        },
        {
            "id": "hbl-karachi-clifton",
            "name": "HBL Clifton Branch",
            "serviceCategory": "banks",
            "city": "Karachi",
            "address": "F-101/5 Block-7, Clifton, Karachi",
            "phone": "021-111-111-425",
            "hours": "9:00 AM - 5:00 PM",
            "coordinates": {
                "lat": 24.8127,
                "lng": 67.0266
            }
        },
        {
            "id": "hbl-lahore-mall-road",
            "name": "HBL Bank Square Mall Road",
            "serviceCategory": "banks",
            "city": "Lahore",
            "address": "Shaharah-e-Quaid-i-Azam, The Mall, Lahore",
            "phone": "042-111-111-425",
            "hours": "9:00 AM - 5:00 PM",
            "coordinates": {
                "lat": 31.5673,
                "lng": 74.3104
            }
        },
        {
            "id": "hbl-lahore-gulberg",
            "name": "HBL Main Market Gulberg",
            "serviceCategory": "banks",
            "city": "Lahore",
            "address": "Main Market, Gulberg, Lahore",
            "phone": "042-111-111-425",
            "hours": "9:00 AM - 5:00 PM",
            "coordinates": {
                "lat": 31.5087,
                "lng": 74.3506
            }
        },
        {
            "id": "ubl-islamabad-blue-area",
            "name": "UBL Corporate Center Blue Area",
            "serviceCategory": "banks",
            "city": "Islamabad",
            "address": "Plot No. 2-F-6/G-6, UBL Building, Jinnah Avenue, Blue Area, Islamabad",
            "phone": "051-111-825-888",
            "hours": "9:00 AM - 5:00 PM",
            "coordinates": {
                "lat": 33.7073,
                "lng": 73.0564
            }
        },
        {
            "id": "ubl-karachi-bundar-road",
            "name": "UBL Bunder Road Branch",
            "serviceCategory": "banks",
            "city": "Karachi",
            "address": "Central Bank of India Building, Bunder Road, Karachi",
            "phone": "021-111-825-888",
            "hours": "9:00 AM - 5:00 PM",
            "coordinates": {
                "lat": 24.8606,
                "lng": 67.0099
            }
        },
        {
            "id": "ubl-lahore-mm-alam",
            "name": "UBL Corporate Branch M.M. Alam Road",
            "serviceCategory": "banks",
            "city": "Lahore",
            "address": "P-115, M.M. Alam Road, Gulberg, Lahore",
            "phone": "042-111-825-888",
            "hours": "9:00 AM - 5:00 PM",
            "coordinates": {
                "lat": 31.5149,
                "lng": 74.3493
            }
        },
        {
            "id": "mcb-islamabad-civic-centre",
            "name": "MCB Main Civic Centre",
            "serviceCategory": "banks",
            "city": "Islamabad",
            "address": "G-6, Melody Market, Islamabad",
            "phone": "042-111-000-622",
            "hours": "9:00 AM - 5:00 PM",
            "coordinates": {
                "lat": 33.7219,
                "lng": 73.0654
            }
        },
        {
            "id": "mcb-karachi-ii-chundrigar",
            "name": "MCB Main Branch I.I. Chundrigar Road",
            "serviceCategory": "banks",
            "city": "Karachi",
            "address": "Business & Finance Centre, I.I. Chundrigar Road, Karachi",
            "phone": "021-111-000-622",
            "hours": "9:00 AM - 5:00 PM",
            "coordinates": {
                "lat": 24.8474,
                "lng": 67.0196
            }
        },
        {
            "id": "mcb-lahore-gulberg",
            "name": "MCB House Gulberg",
            "serviceCategory": "banks",
            "city": "Lahore",
            "address": "15 Main Gulberg, Jail Road, Lahore",
            "phone": "042-111-000-622",
            "hours": "9:00 AM - 5:00 PM",
            "coordinates": {
                "lat": 31.5087,
                "lng": 74.3506
            }
        },
        {
            "id": "allied-islamabad-blue-area",
            "name": "Allied Bank Corporate Branch",
            "serviceCategory": "banks",
            "city": "Islamabad",
            "address": "Blue Area, Islamabad",
            "phone": "042-111-225-225",
            "hours": "9:00 AM - 5:00 PM",
            "coordinates": {
                "lat": 33.7073,
                "lng": 73.0564
            }
        },
        {
            "id": "allied-karachi-abdullah-haroon",
            "name": "Allied Bank Abdullah Haroon Road",
            "serviceCategory": "banks",
            "city": "Karachi",
            "address": "Saddar Cooperative Market, Abdullah Haroon Road, Karachi",
            "phone": "021-111-225-225",
            "hours": "9:00 AM - 5:00 PM",
            "coordinates": {
                "lat": 24.8543,
                "lng": 67.0232
            }
        },
        {
            "id": "allied-lahore-corporate",
            "name": "Allied Bank Corporate Branch Lahore",
            "serviceCategory": "banks",
            "city": "Lahore",
            "address": "Green Town, Lahore",
            "phone": "042-111-225-225",
            "hours": "9:00 AM - 5:00 PM",
            "coordinates": {
                "lat": 31.4535,
                "lng": 74.2732
            }
        },
        {
            "id": "lesco-lahore-hq",
            "name": "LESCO Headquarters Mozang",
            "serviceCategory": "electricity",
            "city": "Lahore",
            "address": "22-A Queens Road, Mozang, Lahore",
            "phone": "042-99204820",
            "hours": "8:00 AM - 4:00 PM",
            "coordinates": {
                "lat": 31.5581,
                "lng": 74.3217
            }
        },
        {
            "id": "lesco-lahore-ichra",
            "name": "LESCO Ichra Customer Service Centre",
            "serviceCategory": "electricity",
            "city": "Lahore",
            "address": "Shah Jamal Signal, Ferozpur Road, Ichra, Lahore",
            "phone": "042-7532678",
            "hours": "9:00 AM - 5:00 PM",
            "coordinates": {
                "lat": 31.5074,
                "lng": 74.3126
            }
        },
        {
            "id": "lesco-lahore-township",
            "name": "LESCO Township Customer Service Centre",
            "serviceCategory": "electricity",
            "city": "Lahore",
            "address": "Chandni Chowk, Township, Lahore",
            "phone": "042-5143090",
            "hours": "9:00 AM - 5:00 PM",
            "coordinates": {
                "lat": 31.4697,
                "lng": 74.2939
            }
        },
        {
            "id": "lesco-lahore-dha",
            "name": "LESCO DHA Customer Service Centre",
            "serviceCategory": "electricity",
            "city": "Lahore",
            "address": "Ghazi Road, Sector EE, Phase 4, DHA, Lahore",
            "phone": "042-111-000-118",
            "hours": "9:00 AM - 5:00 PM",
            "coordinates": {
                "lat": 31.4772,
                "lng": 74.4046
            }
        },
        {
            "id": "iesco-islamabad-hq",
            "name": "IESCO Head Office G-7",
            "serviceCategory": "electricity",
            "city": "Islamabad",
            "address": "Street 40, Sector G-7/4, Islamabad",
            "phone": "051-9252937",
            "hours": "9:00 AM - 5:00 PM",
            "coordinates": {
                "lat": 33.7149,
                "lng": 73.0697
            }
        },
        {
            "id": "iesco-islamabad-f10",
            "name": "IESCO F-10 Customer Service Centre",
            "serviceCategory": "electricity",
            "city": "Islamabad",
            "address": "F-10 Markaz, Islamabad",
            "phone": "051-118",
            "hours": "9:00 AM - 5:00 PM",
            "coordinates": {
                "lat": 33.6981,
                "lng": 73.0197
            }
        },
        {
            "id": "iesco-islamabad-i9",
            "name": "IESCO I-9 Industrial Customer Centre",
            "serviceCategory": "electricity",
            "city": "Islamabad",
            "address": "I-9 Industrial Area, Islamabad",
            "phone": "051-118",
            "hours": "9:00 AM - 5:00 PM",
            "coordinates": {
                "lat": 33.6569,
                "lng": 73.0601
            }
        },
        {
            "id": "ke-karachi-dha",
            "name": "K-Electric IBC DHA",
            "serviceCategory": "electricity",
            "city": "Karachi",
            "address": "39-B, Sunset Boulevard, Phase-II, DHA, Karachi",
            "phone": "118",
            "hours": "9:00 AM - 5:00 PM",
            "coordinates": {
                "lat": 24.8248,
                "lng": 67.0657
            }
        },
        {
            "id": "ke-karachi-nazimabad",
            "name": "K-Electric IBC Nazimabad",
            "serviceCategory": "electricity",
            "city": "Karachi",
            "address": "III-E/4, Gole Market Commercial Area, Block 3, Nazimabad, Karachi",
            "phone": "118",
            "hours": "9:00 AM - 5:00 PM",
            "coordinates": {
                "lat": 24.9262,
                "lng": 67.0351
            }
        },
        {
            "id": "ke-karachi-gulshan",
            "name": "K-Electric IBC Gulshan",
            "serviceCategory": "electricity",
            "city": "Karachi",
            "address": "Block 14, Gulshan-e-Iqbal, Karachi",
            "phone": "118",
            "hours": "9:00 AM - 5:00 PM",
            "coordinates": {
                "lat": 24.9169,
                "lng": 67.0867
            }
        },
        {
            "id": "ke-karachi-saddar",
            "name": "K-Electric IBC Saddar",
            "serviceCategory": "electricity",
            "city": "Karachi",
            "address": "Elander Road, Opp. Shaheen Complex, Saddar, Karachi",
            "phone": "118",
            "hours": "9:00 AM - 5:00 PM",
            "coordinates": {
                "lat": 24.8543,
                "lng": 67.0232
            }
        },
        {
            "id": "sngpl-lahore-hq",
            "name": "SNGPL Head Office Kashmir Road",
            "serviceCategory": "sui-gas",
            "city": "Lahore",
            "address": "Gas House, 21-Kashmir Road, Lahore",
            "phone": "042-99082000",
            "hours": "9:00 AM - 5:00 PM",
            "coordinates": {
                "lat": 31.5804,
                "lng": 74.3293
            }
        },
        {
            "id": "sngpl-lahore-gulberg",
            "name": "SNGPL Regional Office Gulberg",
            "serviceCategory": "sui-gas",
            "city": "Lahore",
            "address": "24 Gurumangat Road, Gulberg III, Lahore",
            "phone": "042-99263361",
            "hours": "9:00 AM - 5:00 PM",
            "coordinates": {
                "lat": 31.5087,
                "lng": 74.3506
            }
        },
        {
            "id": "sngpl-lahore-johar-town",
            "name": "SNGPL Customer Service Johar Town",
            "serviceCategory": "sui-gas",
            "city": "Lahore",
            "address": "76-J, Johar Town, Lahore",
            "phone": "042-1199",
            "hours": "9:00 AM - 5:00 PM",
            "coordinates": {
                "lat": 31.4697,
                "lng": 74.2728
            }
        },
        {
            "id": "sngpl-islamabad-hq",
            "name": "SNGPL Islamabad Regional Office",
            "serviceCategory": "sui-gas",
            "city": "Islamabad",
            "address": "28-30 Sector I-9, Industrial Area, Islamabad",
            "phone": "051-1199",
            "hours": "9:00 AM - 5:00 PM",
            "coordinates": {
                "lat": 33.6569,
                "lng": 73.0601
            }
        },
        {
            "id": "sngpl-islamabad-g9",
            "name": "SNGPL Customer Service G-9",
            "serviceCategory": "sui-gas",
            "city": "Islamabad",
            "address": "G-9 Markaz, Islamabad",
            "phone": "051-1199",
            "hours": "9:00 AM - 5:00 PM",
            "coordinates": {
                "lat": 33.7073,
                "lng": 73.0564
            }
        },
        {
            "id": "sngpl-islamabad-f10",
            "name": "SNGPL Customer Service F-10",
            "serviceCategory": "sui-gas",
            "city": "Islamabad",
            "address": "F-10 Markaz, Islamabad",
            "phone": "051-1199",
            "hours": "9:00 AM - 5:00 PM",
            "coordinates": {
                "lat": 33.6981,
                "lng": 73.0197
            }
        },
        {
            "id": "ssgc-karachi-gulshan",
            "name": "SSGC Head Office Gulshan",
            "serviceCategory": "sui-gas",
            "city": "Karachi",
            "address": "ST-4/B, Block 14, Sir Shah Suleman Road, Gulshan-e-Iqbal, Karachi",
            "phone": "021-1199",
            "hours": "9:00 AM - 5:00 PM",
            "coordinates": {
                "lat": 24.9169,
                "lng": 67.0867
            }
        },
        {
            "id": "ssgc-karachi-dha",
            "name": "SSGC Customer Facilitation Centre DHA",
            "serviceCategory": "sui-gas",
            "city": "Karachi",
            "address": "Phase 4, DHA, Karachi",
            "phone": "021-1199",
            "hours": "9:00 AM - 5:00 PM",
            "coordinates": {
                "lat": 24.8248,
                "lng": 67.0657
            }
        },
        {
            "id": "ssgc-karachi-saddar",
            "name": "SSGC Customer Facilitation Centre Saddar",
            "serviceCategory": "sui-gas",
            "city": "Karachi",
            "address": "Near Metropole Hotel, Abdullah Haroon Road, Saddar, Karachi",
            "phone": "021-1199",
            "hours": "9:00 AM - 5:00 PM",
            "coordinates": {
                "lat": 24.8543,
                "lng": 67.0232
            }
        },
        {
            "id": "excise-islamabad",
            "name": "Excise & Taxation Office Islamabad",
            "serviceCategory": "excise",
            "city": "Islamabad",
            "address": "Adjacent to HEC Building, Service Road, Sector H-9, Islamabad",
            "phone": "051-9255987",
            "hours": "8:00 AM - 1:30 PM",
            "coordinates": {
                "lat": 33.6534,
                "lng": 73.0521
            }
        },
        {
            "id": "excise-islamabad-g11",
            "name": "Excise & Taxation Office G-11",
            "serviceCategory": "excise",
            "city": "Islamabad",
            "address": "G-11 Markaz, Islamabad",
            "phone": "051-9255987",
            "hours": "9:00 AM - 2:00 PM",
            "coordinates": {
                "lat": 33.6700,
                "lng": 73.0300
            }
        },
        {
            "id": "excise-karachi-university-road",
            "name": "Excise & Taxation Motor Registration Office",
            "serviceCategory": "excise",
            "city": "Karachi",
            "address": "University Road, Karachi East District, Sindh",
            "phone": "021-99231410",
            "hours": "9:00 AM - 2:00 PM",
            "coordinates": {
                "lat": 24.9461,
                "lng": 67.1151
            }
        },
        {
            "id": "excise-karachi-clifton",
            "name": "Motor Registration Executive Center Clifton",
            "serviceCategory": "excise",
            "city": "Karachi",
            "address": "Block 7, Clifton, Karachi",
            "phone": "021-99231410",
            "hours": "9:00 AM - 2:00 PM",
            "coordinates": {
                "lat": 24.8127,
                "lng": 67.0266
            }
        },
        {
            "id": "excise-lahore-egerton",
            "name": "Excise & Taxation Office Transport House",
            "serviceCategory": "excise",
            "city": "Lahore",
            "address": "11-A Egerton Road, Lahore",
            "phone": "042-99202775",
            "hours": "9:00 AM - 2:00 PM",
            "coordinates": {
                "lat": 31.5532,
                "lng": 74.3279
            }
        },
        {
            "id": "excise-lahore-dha",
            "name": "Excise & Taxation Office DHA",
            "serviceCategory": "excise",
            "city": "Lahore",
            "address": "DHA Phase 5, Lahore",
            "phone": "042-99202775",
            "hours": "9:00 AM - 2:00 PM",
            "coordinates": {
                "lat": 31.4772,
                "lng": 74.4046
            }
        }
    ]
}
